{"stats":{"minecraft:dropped":{"minecraft:ender_pearl":1,"minecraft:leather":1,"quark:limestone":4,"minecraft:item_frame":4,"thermal:flax_seeds":1,"minecraft:dirt":1,"minecraft:cobbled_deepslate":12,"minecraft:stone_brick_wall":2,"minecraft:mossy_cobblestone":1,"minecraft:cobblestone":1,"minecraft:granite":2,"minecraft:spruce_stairs":1,"minecraft:torch":4,"byg:soapstone":1,"forbidden_arcanus:spawner_scrap":2,"minecraft:polished_basalt":1,"mna:vinteum_ore":1,"thermal:sadiroot_seeds":1,"minecraft:andesite":5,"minecraft:wooden_pickaxe":1},"minecraft:broken":{"minecraft:stone_pickaxe":1},"minecraft:killed":{"minecraft:cave_spider":2,"minecraft:skeleton":9,"minecraft:silverfish":2,"artifacts:mimic":1,"minecraft:creeper":1,"minecraft:trader_llama":5,"minecraft:pillager":2,"minecraft:zombie":12,"minecraft:stray":7,"minecraft:cow":2,"mna:skeleton_assassin":1,"mna:barkling":1,"mna:hulking_zombie":1,"minecraft:wandering_trader":3,"minecraft:wither_skeleton":2},"minecraft:mined":{"minecraft:stone_pressure_plate":2,"minecraft:spruce_planks":1,"biomesoplenty:cherry_log":640,"malum:brilliant_stone":9,"minecraft:cobblestone_stairs":1,"minecraft:sculk_vein":6,"minecraft:obsidian":11,"malum:soulstone_ore":11,"minecraft:granite":2,"byg:blue_rose_bush":39,"minecraft:grass_block":3,"biomesoplenty:flowering_oak_leaves":9,"malum:deepslate_quartz_ore":2,"minecraft:soul_soil":8,"mysticalagriculture:inferium_ore":11,"minecraft:gilded_blackstone":2,"minecraft:spawner":37,"deepresonance:resonating_ore_deepslate":2,"xycraft_world:xychorium_ore_stone_green":8,"minecraft:magma_block":69,"minecraft:iron_ore":67,"alltheores:deepslate_lead_ore":5,"minecraft:deepslate_lapis_ore":1,"minecraft:nether_brick_stairs":5,"elementalcraft:inert_crystal_ore":6,"biomesoplenty:pink_cherry_leaves":293,"blue_skies:spider_webbing":7,"minecraft:iron_bars":34,"quark:limestone":6,"powah:uraninite_ore_poor":9,"botania:brown_mystical_flower":2,"alltheores:nickel_ore":74,"xycraft_world:xychorium_ore_stone_light":13,"minecraft:deepslate_redstone_ore":47,"minecraft:quartz_block":18,"minecraft:red_bed":1,"minecraft:soul_fire":4,"deepresonance:resonating_ore_stone":1,"powah:uraninite_ore":2,"minecraft:powder_snow":76,"minecraft:torch":2,"alltheores:deepslate_nickel_ore":13,"minecraft:iron_door":3,"minecraft:wall_torch":3,"powah:deepslate_uraninite_ore_poor":2,"minecraft:deepslate_copper_ore":7,"rftoolsbase:dimensionalshard_overworld":2,"byg:soapstone":1,"forbidden_arcanus:darkstone":1,"mekanism:fluorite_ore":9,"evilcraft:dark_ore_deepslate":9,"minecraft:birch_log":5,"minecraft:lilac":140,"byg:red_spruce_leaves":2,"alltheores:tin_ore":54,"minecraft:grass":1649,"alltheores:deepslate_uranium_ore":15,"biomesoplenty:clover":388,"minecraft:oak_log":67,"delightful:mini_melon":1,"minecraft:dirt":6,"mysticalagriculture:deepslate_prosperity_ore":3,"minecraft:netherrack":1,"minecraft:oak_leaves":75,"mysticalagriculture:deepslate_inferium_ore":21,"minecraft:deepslate":54,"mysticalagriculture:prosperity_ore":6,"powah:deepslate_uraninite_ore":1,"minecraft:mossy_cobblestone":3,"minecraft:dark_oak_leaves":1,"minecraft:deepslate_diamond_ore":3,"xycraft_world:xychorium_ore_stone_red":4,"xycraft_world:xychorium_ore_stone_blue":2,"minecraft:ladder":2,"minecraft:nether_bricks":3,"minecraft:spruce_leaves":1,"mna:vinteum_ore":101,"xycraft_world:xychorium_ore_deepslate_light":5,"elementalcraft:deepslate_inert_crystal_ore":4,"forbidden_arcanus:arcane_crystal_ore":1,"forbidden_arcanus:deepslate_arcane_crystal_ore":2,"minecraft:polished_basalt":1,"deepresonance:resonating_crystal_natural":3,"mna:aum":13,"minecraft:andesite":7,"byg:allium_flower_bush":1,"evilcraft:dark_ore":1,"minecraft:peony":36,"alltheores:lead_ore":2,"minecraft:mossy_stone_brick_stairs":1,"minecraft:deepslate_iron_ore":8,"minecraft:vine":9,"minecraft:packed_ice":66,"alltheores:aluminum_ore":92,"minecraft:stone":139,"ad_astra:sky_stone":6,"minecraft:redstone_block":45,"minecraft:soul_sand":6,"quark:oak_chest":2,"minecraft:lily_of_the_valley":12,"xycraft_world:kivi":1,"minecraft:basalt":12,"byg:osiria_rose":71,"thermal:apatite_ore":5,"minecraft:crafting_table":2,"minecraft:rose_bush":81,"minecraft:sculk_sensor":3,"xycraft_world:xychorium_ore_stone_dark":3,"malum:deepslate_soulstone_ore":6,"minecraft:copper_ore":95,"minecraft:deepslate_gold_ore":17,"minecraft:lapis_ore":3,"delightful:wild_salmonberries":1,"minecraft:sculk":7,"minecraft:diorite":8,"biomesoplenty:white_cherry_leaves":242,"forbidden_arcanus:xpetrified_ore":4,"minecraft:sweet_berry_bush":2,"biomesoplenty:pink_daffodil":13,"minecraft:spruce_log":24,"minecraft:birch_leaves":56,"minecraft:coal_ore":270,"byg:rose":57,"minecraft:gravel":1,"mekanism:deepslate_fluorite_ore":2,"botania:gray_mystical_flower":4,"minecraft:cobweb":1,"minecraft:stone_bricks":3,"byg:tall_allium":2,"minecraft:gold_ore":3,"forbidden_arcanus:runic_deepslate":1,"minecraft:fern":1},"minecraft:picked_up":{"minecraft:chainmail_boots":2,"minecraft:redstone_block":44,"minecraft:flower_pot":2,"minecraft:lead":4,"minecraft:diamond_sword":1,"minecraft:potion":2,"minecraft:enchanted_book":2,"minecraft:gilded_blackstone":2,"minecraft:stone_brick_stairs":2,"forbidden_arcanus:xpetrified_orb":4,"minecraft:raw_copper":361,"minecraft:string":12,"minecraft:soul_soil":8,"spirit:broken_spawner":13,"thermal:barley_seeds":11,"byg:blue_rose_bush":34,"mysticalagriculture:inferium_essence":111,"minecraft:cobbled_deepslate":49,"minecraft:spruce_planks":1,"delightful:acorn":2,"minecraft:rose_bush":74,"elementalcraft:inert_crystal":10,"thermal:spinach_seeds":10,"xycraft_world:xychorium_gem_green":15,"wstweaks:fragment":2,"minecraft:tipped_arrow":3,"minecraft:stick":236,"rootsclassic:whitecurrant":54,"apotheosis:gem":7,"thermal:sadiroot_seeds":8,"minecraft:torch":10,"mysticalagriculture:prosperity_shard":19,"minecraft:spruce_stairs":1,"rootsclassic:nightshade":59,"minecraft:diorite":8,"elementalcraft:earth_shard":18,"thermal:flax_seeds":8,"mna:sachet_ender":5,"deepresonance:resonating_ore_deepslate":2,"deepresonance:resonating_ore_stone":1,"thermal:apatite":27,"minecraft:quartz_block":10,"minecraft:rotten_flesh":9,"thermal:corn_seeds":12,"minecraft:polished_basalt":1,"thermal:radish_seeds":10,"reliquary:mob_charm_fragment":1,"biomesoplenty:pink_cherry_sapling":164,"minecraft:obsidian":11,"minecraft:iron_bars":21,"minecraft:cobblestone":136,"minecraft:birch_log":5,"occultism:datura_seeds":37,"minecraft:magma_block":32,"minecraft:leather_chestplate":2,"minecraft:lilac":155,"minecraft:iron_door":2,"minecraft:andesite":7,"mna:rune_marking":2,"mna:sachet_water":1,"evilcraft:flesh_humanoid":1,"minecraft:lapis_lazuli":20,"minecraft:dirt":11,"minecraft:lantern":1,"bhc:red_heart":2,"alltheores:raw_tin":54,"minecraft:bone":19,"minecraft:wheat_seeds":90,"minecraft:bow":3,"delightful:mini_melon":1,"byg:red_spruce_sapling":1,"minecraft:raw_gold":20,"forbidden_arcanus:rune":1,"mna:cerublossom":5,"croptopia:lime":10,"botania:gray_mystical_flower":4,"biomesoplenty:cherry_log":640,"minecraft:mossy_stone_brick_stairs":1,"byg:rose":53,"hexerei:animal_fat":1,"thermal:bell_pepper_seeds":8,"malum:raw_soulstone":17,"xycraft_world:xychorium_gem_red":8,"alltheores:raw_lead":7,"biomesoplenty:white_cherry_sapling":146,"nomowanderer:trader_cloth_piece":6,"minecraft:nether_brick_stairs":5,"minecraft:grass_block":1,"minecraft:lily_of_the_valley":14,"thermal:onion_seeds":14,"minecraft:trapped_chest":1,"xycraft_world:xychorium_gem_dark":7,"minecraft:mossy_cobblestone":3,"alltheores:raw_nickel":87,"xycraft_world:xychorium_gem_light":29,"rootsclassic:blackcurrant":55,"elementalcraft:air_shard":1,"minecraft:diamond":3,"waystones:waystone":1,"alltheores:raw_aluminum":92,"thermal:eggplant_seeds":13,"minecraft:granite":2,"minecraft:bread":23,"biomesoplenty:pink_daffodil":13,"minecraft:oak_sapling":16,"minecraft:netherrack":1,"minecraft:diamond_pickaxe":1,"byg:soapstone":1,"minecraft:crafting_table":3,"minecraft:ladder":2,"minecraft:stone_brick_wall":5,"rootsclassic:old_root":34,"ad_astra:sky_stone":6,"rootsclassic:elderberry":72,"rootsclassic:redcurrant":59,"minecraft:iron_axe":1,"minecraft:item_frame":7,"mna:vinteum_ore":101,"minecraft:beef":5,"minecraft:spruce_slab":5,"minecraft:birch_sapling":5,"minecraft:spruce_trapdoor":1,"minecraft:raw_iron":75,"artifacts:charm_of_sinking":1,"minecraft:redstone":206,"hexerei:sage_seed":186,"thermal:peanut_seeds":19,"minecraft:arrow":15,"minecraft:diamond_chestplate":1,"xycraft_world:xychorium_gem_blue":3,"minecraft:peony":35,"minecraft:nether_bricks":2,"malum:natural_quartz":2,"minecraft:diamond_boots":1,"forbidden_arcanus:spawner_scrap":13,"silentgear:flax_seeds":1,"minecraft:basalt":12,"minecraft:leather":4,"malum:cluster_of_brilliance":5,"bhc:wither_bone":1,"minecraft:oak_log":65,"minecraft:cobblestone_wall":5,"minecraft:cobblestone_stairs":1,"quark:limestone":6,"byg:osiria_rose":71,"rftoolsbase:dimensionalshard":9,"minecraft:apple":4,"minecraft:stone_bricks":15,"byg:allium_flower_bush":1,"thermal:tomato_seeds":10,"forbidden_arcanus:darkstone":1,"minecraft:soul_sand":6,"minecraft:sweet_berries":5,"croptopia:starfruit":9,"thermal:strawberry_seeds":7,"minecraft:gravel":3,"alltheores:raw_uranium":15,"powah:uraninite_raw":17,"delightful:salmonberries":2,"minecraft:spruce_log":44,"thermal:green_bean_seeds":9,"quark:oak_chest":2,"minecraft:spruce_door":2,"mna:aum":13,"biomesoplenty:flowering_oak_sapling":11,"thermal:rice_seeds":10,"forbidden_arcanus:arcane_crystal":3,"immersiveengineering:seed":162,"byg:tall_allium":5,"evilcraft:dark_gem":40,"mekanism:fluorite_gem":33,"deepresonance:resonating_crystal_natural":3,"thermal:amaranth_seeds":10,"botania:brown_mystical_flower":2,"minecraft:coal":271,"minecraft:ender_pearl":1},"minecraft:killed_by":{"artifacts:mimic":1,"minecraft:stray":1,"minecraft:skeleton":1},"minecraft:crafted":{"minecraft:oak_planks":21,"minecraft:melon_slice":1,"sophisticatedbackpacks:backpack":1,"minecraft:crafting_table":1,"minecraft:diamond_axe":1,"minecraft:spruce_planks":5,"minecraft:wooden_pickaxe":1,"minecraft:stick":9,"quark:oak_chest":9,"minecraft:wooden_sword":1,"minecraft:coal":149,"minecraft:furnace":1,"minecraft:iron_axe":1,"minecraft:stone_pickaxe":2,"sophisticatedbackpacks:iron_backpack":1,"minecraft:cooked_beef":5,"malum:coal_fragment":149,"sophisticatedbackpacks:gold_backpack":1,"minecraft:bread":1,"minecraft:air":1477,"minecraft:torch":2},"minecraft:used":{"minecraft:polished_deepslate":3,"minecraft:ladder":2,"ae2:quartz_glass":25,"minecraft:stone":507,"minecraft:iron_sword":130,"biomesoplenty:cherry_stairs":5,"minecraft:red_nether_brick_stairs":158,"minecraft:iron_chestplate":1,"minecraft:nether_bricks":2287,"minecraft:deepslate_brick_slab":17,"minecraft:obsidian":20,"byg:bulbis_bookshelf":24,"minecraft:mangrove_log":28,"biomesoplenty:cherry_planks":3019,"minecraft:grass_block":3128,"byg:bulbis_stairs":19,"minecraft:stone_bricks":6,"minecraft:magma_block":1,"minecraft:sweet_berries":5,"minecraft:furnace":1,"ae2:smooth_sky_stone_block":695,"minecraft:deepslate_brick_wall":34,"minecraft:diorite":3,"absentbydesign:wall_cracked_nether_bricks":68,"minecraft:stone_pickaxe":172,"minecraft:wooden_pickaxe":6,"biomesoplenty:cut_black_sandstone":27,"byg:cherry_planks":215,"minecraft:diamond_axe":2150,"chipped:patched_white_wool":4,"minecraft:gray_concrete":657,"minecraft:stone_brick_wall":3,"minecraft:deepslate_brick_stairs":14,"minecraft:crying_obsidian":25,"minecraft:melon_slice":3,"minecraft:bread":20,"minecraft:deepslate":90,"biomesoplenty:cherry_slab":1184,"byg:cherry_stairs":134,"minecraft:diamond_sword":130,"minecraft:wooden_sword":14,"byg:cherry_slab":13,"minecraft:experience_bottle":59,"minecraft:enchanting_table":1,"ae2:condenser":3,"byg:cherry_bookshelf":88,"minecraft:torch":14,"chipped:cubed_white_wool":5,"minecraft:dirt":496,"minecraft:red_nether_brick_slab":68,"minecraft:nether_brick_stairs":136,"biomesoplenty:black_sandstone":2,"byg:cherry_fence":1,"chipped:woved_white_wool":54,"minecraft:iron_axe":1599,"minecraft:purple_concrete":28,"minecraft:cooked_beef":5,"minecraft:cobbled_deepslate":18,"minecraft:red_nether_bricks":180,"byg:cherry_log":67,"thermal:enderium_block":325,"additionallanterns:purple_normal_nether_bricks_lantern":3,"ae2:sky_stone_brick_stairs":6,"minecraft:deepslate_bricks":969,"blue_skies:bluebright_slab":2,"thermal:fluid_cell_frame":2,"minecraft:crafting_table":4,"byg:bulbis_fence":1,"minecraft:oak_log":7,"minecraft:diamond_pickaxe":1845,"thermal:lumium_block":46,"minecraft:iron_pickaxe":99,"biomesoplenty:smooth_black_sandstone":7041,"ad_astra:sky_stone":3,"allthemodium:allthemodium_sword":16,"minecraft:cobblestone":90,"quark:oak_chest":10,"minecraft:smooth_stone":1642,"blue_skies:bluebright_stairs":3,"byg:bulbis_slab":8},"minecraft:custom":{"lootr:looted_stat":106,"minecraft:interact_with_crafting_table":19,"minecraft:open_barrel":3,"minecraft:leave_game":3,"minecraft:time_since_death":881801,"minecraft:damage_resisted":0,"minecraft:sprint_one_cm":846466,"minecraft:drop":22,"minecraft:talked_to_villager":2,"minecraft:play_time":1018766,"minecraft:deaths":5,"minecraft:jump":3174,"minecraft:walk_on_water_one_cm":7776,"minecraft:interact_with_furnace":3,"minecraft:damage_dealt":11638,"minecraft:crouch_one_cm":15220,"minecraft:mob_kills":52,"minecraft:damage_dealt_resisted":0,"minecraft:climb_one_cm":2887,"minecraft:walk_one_cm":702120,"minecraft:sneak_time":34379,"minecraft:walk_under_water_one_cm":2840,"minecraft:total_world_time":1018766,"minecraft:time_since_rest":881867,"minecraft:damage_taken":3736,"minecraft:damage_absorbed":696,"minecraft:fly_one_cm":4687471,"minecraft:open_chest":66,"minecraft:fall_one_cm":96040}},"DataVersion":3120}