{"stats":{"minecraft:killed":{"minecraft:cave_spider":2,"mna:skeleton_assassin":1,"minecraft:skeleton":8,"mna:barkling":1,"mna:hulking_zombie":1,"minecraft:creeper":1,"minecraft:pillager":1,"minecraft:zombie":12,"minecraft:stray":7,"minecraft:wither_skeleton":2,"minecraft:cow":2},"minecraft:picked_up":{"minecraft:crafting_table":3,"minecraft:chainmail_boots":2,"minecraft:ladder":2,"minecraft:redstone_block":44,"minecraft:flower_pot":2,"minecraft:diamond_sword":1,"minecraft:stone_brick_wall":5,"minecraft:enchanted_book":2,"minecraft:gilded_blackstone":2,"minecraft:stone_brick_stairs":2,"ad_astra:sky_stone":6,"rootsclassic:elderberry":1,"forbidden_arcanus:xpetrified_orb":1,"rootsclassic:redcurrant":1,"minecraft:soul_soil":8,"minecraft:string":12,"minecraft:raw_copper":131,"minecraft:iron_axe":1,"spirit:broken_spawner":11,"minecraft:item_frame":7,"mna:vinteum_ore":46,"mysticalagriculture:inferium_essence":32,"minecraft:cobbled_deepslate":5,"delightful:acorn":2,"minecraft:spruce_planks":1,"minecraft:beef":5,"minecraft:spruce_slab":5,"elementalcraft:inert_crystal":10,"wstweaks:fragment":2,"thermal:spinach_seeds":1,"xycraft_world:xychorium_gem_green":15,"minecraft:spruce_trapdoor":1,"minecraft:tipped_arrow":3,"minecraft:stick":5,"minecraft:raw_iron":35,"apotheosis:gem":7,"minecraft:torch":9,"mysticalagriculture:prosperity_shard":2,"minecraft:spruce_stairs":1,"mna:sachet_ender":5,"elementalcraft:earth_shard":18,"thermal:apatite":27,"minecraft:quartz_block":10,"minecraft:diamond_chestplate":1,"minecraft:arrow":14,"minecraft:rotten_flesh":9,"xycraft_world:xychorium_gem_blue":3,"minecraft:nether_bricks":2,"minecraft:diamond_boots":1,"minecraft:polished_basalt":1,"minecraft:obsidian":11,"minecraft:iron_bars":21,"forbidden_arcanus:spawner_scrap":10,"minecraft:cobblestone":85,"minecraft:magma_block":32,"minecraft:leather_chestplate":2,"minecraft:basalt":12,"minecraft:iron_door":2,"mna:sachet_water":1,"minecraft:leather":4,"bhc:wither_bone":1,"minecraft:oak_log":24,"evilcraft:flesh_humanoid":1,"minecraft:cobblestone_stairs":1,"minecraft:cobblestone_wall":5,"quark:limestone":1,"minecraft:dirt":10,"bhc:red_heart":2,"alltheores:raw_tin":54,"minecraft:bone":19,"minecraft:apple":1,"minecraft:stone_bricks":15,"minecraft:bow":3,"delightful:mini_melon":1,"byg:red_spruce_sapling":1,"minecraft:raw_gold":6,"byg:allium_flower_bush":1,"mna:cerublossom":1,"minecraft:mossy_stone_brick_stairs":1,"croptopia:lime":10,"minecraft:soul_sand":6,"hexerei:animal_fat":1,"malum:raw_soulstone":2,"minecraft:sweet_berries":5,"croptopia:starfruit":9,"thermal:strawberry_seeds":1,"xycraft_world:xychorium_gem_red":8,"alltheores:raw_lead":7,"powah:uraninite_raw":4,"minecraft:nether_brick_stairs":5,"thermal:green_bean_seeds":1,"minecraft:spruce_log":44,"minecraft:grass_block":1,"minecraft:lily_of_the_valley":1,"quark:oak_chest":2,"minecraft:trapped_chest":1,"xycraft_world:xychorium_gem_dark":7,"minecraft:mossy_cobblestone":2,"alltheores:raw_nickel":78,"forbidden_arcanus:arcane_crystal":1,"xycraft_world:xychorium_gem_light":28,"elementalcraft:air_shard":1,"byg:tall_allium":5,"alltheores:raw_aluminum":92,"evilcraft:dark_gem":5,"mekanism:fluorite_gem":31,"thermal:eggplant_seeds":1,"minecraft:bread":23,"deepresonance:resonating_crystal_natural":3,"minecraft:oak_sapling":4,"minecraft:netherrack":1,"minecraft:coal":263,"minecraft:diamond_pickaxe":1,"minecraft:ender_pearl":1},"minecraft:used":{"minecraft:ladder":2,"minecraft:iron_sword":130,"minecraft:iron_chestplate":1,"minecraft:torch":12,"minecraft:dirt":5,"minecraft:iron_axe":46,"minecraft:grass_block":1,"minecraft:stone_bricks":6,"minecraft:magma_block":1,"minecraft:sweet_berries":5,"minecraft:furnace":1,"minecraft:cooked_beef":5,"minecraft:stone_pickaxe":172,"minecraft:wooden_pickaxe":6,"minecraft:crafting_table":4,"minecraft:stone_brick_wall":3,"minecraft:oak_log":7,"minecraft:diamond_pickaxe":1013,"minecraft:bread":17,"minecraft:melon_slice":3,"minecraft:iron_pickaxe":92,"ad_astra:sky_stone":3,"minecraft:diamond_sword":108,"minecraft:wooden_sword":14,"minecraft:cobblestone":7,"quark:oak_chest":6,"minecraft:experience_bottle":45},"minecraft:dropped":{"minecraft:mossy_cobblestone":1,"minecraft:ender_pearl":1,"minecraft:cobblestone":1,"quark:limestone":1,"minecraft:spruce_stairs":1,"minecraft:item_frame":4,"minecraft:dirt":1,"minecraft:torch":4,"minecraft:polished_basalt":1,"minecraft:stone_brick_wall":2,"minecraft:wooden_pickaxe":1},"minecraft:broken":{"minecraft:stone_pickaxe":1},"minecraft:mined":{"mysticalagriculture:prosperity_ore":2,"minecraft:stone_pressure_plate":2,"minecraft:spruce_planks":1,"minecraft:mossy_cobblestone":2,"minecraft:dark_oak_leaves":1,"xycraft_world:xychorium_ore_stone_red":4,"minecraft:cobblestone_stairs":1,"minecraft:obsidian":11,"minecraft:ladder":2,"xycraft_world:xychorium_ore_stone_blue":2,"malum:soulstone_ore":2,"minecraft:nether_bricks":3,"minecraft:grass_block":3,"minecraft:soul_soil":8,"minecraft:spruce_leaves":1,"mna:vinteum_ore":46,"xycraft_world:xychorium_ore_deepslate_light":5,"elementalcraft:deepslate_inert_crystal_ore":4,"mysticalagriculture:inferium_ore":6,"minecraft:gilded_blackstone":2,"minecraft:spawner":34,"forbidden_arcanus:arcane_crystal_ore":1,"xycraft_world:xychorium_ore_stone_green":8,"minecraft:magma_block":69,"minecraft:polished_basalt":1,"minecraft:iron_ore":34,"alltheores:deepslate_lead_ore":5,"deepresonance:resonating_crystal_natural":3,"byg:allium_flower_bush":1,"evilcraft:dark_ore":1,"minecraft:nether_brick_stairs":5,"alltheores:lead_ore":2,"elementalcraft:inert_crystal_ore":6,"minecraft:mossy_stone_brick_stairs":1,"minecraft:deepslate_iron_ore":1,"minecraft:vine":7,"blue_skies:spider_webbing":7,"minecraft:iron_bars":34,"quark:limestone":1,"powah:uraninite_ore_poor":4,"minecraft:packed_ice":66,"alltheores:aluminum_ore":92,"minecraft:stone":87,"ad_astra:sky_stone":6,"alltheores:nickel_ore":65,"xycraft_world:xychorium_ore_stone_light":12,"minecraft:redstone_block":45,"minecraft:quartz_block":18,"minecraft:red_bed":1,"minecraft:soul_sand":6,"quark:oak_chest":2,"minecraft:soul_fire":4,"minecraft:basalt":12,"minecraft:powder_snow":76,"thermal:apatite_ore":5,"minecraft:crafting_table":2,"minecraft:torch":1,"xycraft_world:xychorium_ore_stone_dark":3,"minecraft:copper_ore":35,"minecraft:deepslate_gold_ore":3,"minecraft:wall_torch":3,"alltheores:deepslate_nickel_ore":13,"minecraft:iron_door":3,"forbidden_arcanus:xpetrified_ore":1,"mekanism:fluorite_ore":9,"minecraft:sweet_berry_bush":2,"byg:red_spruce_leaves":2,"minecraft:spruce_log":24,"alltheores:tin_ore":54,"minecraft:grass":2,"minecraft:oak_log":26,"minecraft:coal_ore":262,"delightful:mini_melon":1,"mekanism:deepslate_fluorite_ore":1,"minecraft:dirt":5,"minecraft:cobweb":1,"minecraft:netherrack":1,"minecraft:stone_bricks":3,"byg:tall_allium":2,"minecraft:gold_ore":3,"mysticalagriculture:deepslate_inferium_ore":2,"minecraft:deepslate":5,"minecraft:fern":1},"minecraft:custom":{"lootr:looted_stat":98,"minecraft:mob_kills":39,"minecraft:interact_with_crafting_table":15,"minecraft:open_barrel":3,"minecraft:damage_dealt_resisted":0,"minecraft:leave_game":1,"minecraft:time_since_death":13743,"minecraft:climb_one_cm":2887,"minecraft:damage_resisted":0,"minecraft:sprint_one_cm":653061,"minecraft:walk_one_cm":311801,"minecraft:drop":11,"minecraft:talked_to_villager":2,"minecraft:play_time":120547,"minecraft:deaths":4,"minecraft:sneak_time":552,"minecraft:walk_under_water_one_cm":2840,"minecraft:jump":2133,"minecraft:walk_on_water_one_cm":864,"minecraft:total_world_time":120547,"minecraft:interact_with_furnace":3,"minecraft:time_since_rest":13771,"minecraft:damage_taken":3133,"minecraft:damage_absorbed":542,"minecraft:damage_dealt":8455,"minecraft:fly_one_cm":511222,"minecraft:open_chest":25,"minecraft:crouch_one_cm":2400,"minecraft:fall_one_cm":72387},"minecraft:crafted":{"minecraft:wooden_sword":1,"minecraft:oak_planks":17,"minecraft:coal":149,"minecraft:melon_slice":1,"minecraft:furnace":1,"minecraft:iron_axe":1,"minecraft:stone_pickaxe":2,"sophisticatedbackpacks:iron_backpack":1,"minecraft:cooked_beef":5,"sophisticatedbackpacks:backpack":1,"malum:coal_fragment":149,"minecraft:crafting_table":1,"minecraft:spruce_planks":5,"minecraft:wooden_pickaxe":1,"sophisticatedbackpacks:gold_backpack":1,"minecraft:bread":1,"minecraft:air":1456,"minecraft:stick":9,"quark:oak_chest":5,"minecraft:torch":2},"minecraft:killed_by":{"minecraft:stray":1,"minecraft:skeleton":1}},"DataVersion":3120}