{"stats":{"minecraft:crafted":{"minecraft:wooden_sword":1,"minecraft:oak_planks":4,"minecraft:coal":149,"minecraft:melon_slice":1,"minecraft:stone_pickaxe":2,"malum:coal_fragment":149,"minecraft:crafting_table":1,"minecraft:spruce_planks":5,"minecraft:wooden_pickaxe":1,"minecraft:air":1393,"minecraft:stick":8,"quark:oak_chest":2,"minecraft:torch":2},"minecraft:mined":{"mysticalagriculture:prosperity_ore":2,"minecraft:spruce_planks":1,"minecraft:stone_pressure_plate":1,"minecraft:mossy_cobblestone":1,"xycraft_world:xychorium_ore_stone_red":4,"minecraft:cobblestone_stairs":1,"minecraft:ladder":2,"xycraft_world:xychorium_ore_stone_blue":2,"malum:soulstone_ore":2,"minecraft:nether_bricks":1,"minecraft:grass_block":3,"minecraft:soul_soil":8,"minecraft:spruce_leaves":1,"mna:vinteum_ore":40,"xycraft_world:xychorium_ore_deepslate_light":1,"mysticalagriculture:inferium_ore":2,"minecraft:gilded_blackstone":2,"minecraft:spawner":3,"xycraft_world:xychorium_ore_stone_green":8,"minecraft:magma_block":68,"minecraft:polished_basalt":1,"minecraft:iron_ore":24,"deepresonance:resonating_crystal_natural":3,"byg:allium_flower_bush":1,"evilcraft:dark_ore":1,"elementalcraft:inert_crystal_ore":6,"blue_skies:spider_webbing":7,"minecraft:iron_bars":30,"quark:limestone":1,"powah:uraninite_ore_poor":4,"minecraft:packed_ice":66,"alltheores:aluminum_ore":92,"minecraft:stone":85,"alltheores:nickel_ore":51,"ad_astra:sky_stone":3,"xycraft_world:xychorium_ore_stone_light":11,"minecraft:redstone_block":25,"minecraft:red_bed":1,"minecraft:soul_sand":6,"minecraft:soul_fire":4,"minecraft:basalt":12,"minecraft:powder_snow":76,"minecraft:crafting_table":1,"thermal:apatite_ore":5,"xycraft_world:xychorium_ore_stone_dark":3,"minecraft:copper_ore":35,"minecraft:deepslate_gold_ore":3,"alltheores:deepslate_nickel_ore":13,"minecraft:iron_door":2,"mekanism:fluorite_ore":6,"minecraft:sweet_berry_bush":2,"minecraft:spruce_log":5,"alltheores:tin_ore":54,"minecraft:grass":1,"minecraft:coal_ore":259,"minecraft:oak_log":4,"delightful:mini_melon":1,"minecraft:dirt":1,"minecraft:cobweb":1,"minecraft:stone_bricks":1,"minecraft:gold_ore":3,"minecraft:deepslate":5,"minecraft:fern":1},"minecraft:used":{"minecraft:ladder":2,"minecraft:iron_chestplate":1,"minecraft:dirt":1,"minecraft:grass_block":1,"minecraft:stone_bricks":6,"minecraft:sweet_berries":5,"tombstone:gift":2,"minecraft:stone_pickaxe":172,"minecraft:wooden_pickaxe":6,"minecraft:crafting_table":3,"minecraft:stone_brick_wall":3,"minecraft:diamond_pickaxe":838,"minecraft:melon_slice":3,"minecraft:bread":2,"minecraft:iron_pickaxe":92,"minecraft:wooden_sword":14,"minecraft:cobblestone":7,"quark:oak_chest":2,"minecraft:experience_bottle":15},"minecraft:killed_by":{"minecraft:skeleton":1},"minecraft:dropped":{"minecraft:mossy_cobblestone":1,"minecraft:ender_pearl":1,"minecraft:cobblestone":1,"minecraft:spruce_stairs":1,"minecraft:item_frame":4,"minecraft:dirt":1,"minecraft:polished_basalt":1,"minecraft:stone_brick_wall":2,"minecraft:wooden_pickaxe":1},"minecraft:picked_up":{"minecraft:crafting_table":2,"minecraft:ladder":2,"minecraft:redstone_block":25,"minecraft:flower_pot":2,"minecraft:stone_brick_wall":5,"minecraft:enchanted_book":2,"minecraft:gilded_blackstone":2,"minecraft:stone_brick_stairs":2,"ad_astra:sky_stone":3,"minecraft:soul_soil":8,"minecraft:string":8,"minecraft:raw_copper":131,"spirit:broken_spawner":1,"minecraft:item_frame":7,"mna:vinteum_ore":40,"mysticalagriculture:inferium_essence":5,"minecraft:cobbled_deepslate":5,"minecraft:spruce_planks":1,"minecraft:spruce_slab":5,"elementalcraft:inert_crystal":6,"thermal:spinach_seeds":1,"xycraft_world:xychorium_gem_green":15,"minecraft:spruce_trapdoor":1,"minecraft:raw_iron":24,"apotheosis:gem":4,"mysticalagriculture:prosperity_shard":2,"minecraft:spruce_stairs":1,"tombstone:grave_dust":1,"thermal:apatite":27,"xycraft_world:xychorium_gem_blue":3,"minecraft:polished_basalt":1,"minecraft:iron_bars":17,"forbidden_arcanus:spawner_scrap":1,"minecraft:cobblestone":83,"minecraft:magma_block":31,"minecraft:basalt":12,"minecraft:iron_door":2,"evilcraft:flesh_humanoid":1,"minecraft:oak_log":4,"minecraft:cobblestone_stairs":1,"minecraft:cobblestone_wall":5,"quark:limestone":1,"minecraft:dirt":6,"alltheores:raw_tin":54,"minecraft:stone_bricks":13,"delightful:mini_melon":1,"minecraft:raw_gold":6,"byg:allium_flower_bush":1,"mna:cerublossom":1,"minecraft:soul_sand":6,"malum:raw_soulstone":2,"minecraft:sweet_berries":5,"xycraft_world:xychorium_gem_red":8,"thermal:strawberry_seeds":1,"powah:uraninite_raw":4,"minecraft:grass_block":1,"minecraft:spruce_log":5,"minecraft:lily_of_the_valley":1,"minecraft:trapped_chest":1,"xycraft_world:xychorium_gem_dark":7,"minecraft:mossy_cobblestone":2,"alltheores:raw_nickel":64,"xycraft_world:xychorium_gem_light":19,"byg:tall_allium":3,"alltheores:raw_aluminum":92,"evilcraft:dark_gem":5,"thermal:eggplant_seeds":1,"mekanism:fluorite_gem":21,"minecraft:bread":23,"deepresonance:resonating_crystal_natural":3,"minecraft:coal":259,"minecraft:ender_pearl":1},"minecraft:broken":{"minecraft:stone_pickaxe":1},"minecraft:custom":{"lootr:looted_stat":73,"minecraft:interact_with_crafting_table":7,"minecraft:open_barrel":3,"minecraft:leave_game":1,"minecraft:time_since_death":12227,"minecraft:climb_one_cm":1608,"minecraft:sprint_one_cm":478180,"minecraft:walk_one_cm":146037,"minecraft:drop":9,"minecraft:talked_to_villager":1,"minecraft:play_time":75914,"minecraft:deaths":3,"minecraft:sneak_time":228,"minecraft:jump":1464,"minecraft:walk_on_water_one_cm":735,"minecraft:total_world_time":75914,"minecraft:time_since_rest":11855,"minecraft:damage_taken":1146,"minecraft:damage_absorbed":440,"minecraft:damage_dealt":130,"minecraft:fly_one_cm":309958,"minecraft:open_chest":4,"minecraft:crouch_one_cm":900,"minecraft:fall_one_cm":49446}},"DataVersion":3120}