{"stats":{"minecraft:killed":{"minecraft:cave_spider":1,"minecraft:witch":2,"minecraft:spider":1,"minecraft:skeleton":11,"minecraft:silverfish":1,"mna:living_ward":1,"minecraft:sheep":1,"minecraft:zombie":14,"minecraft:enderman":1},"minecraft:picked_up":{"minecolonies:blockhuttownhall":1,"minecraft:crafting_table":1,"byg:tall_pink_allium":1,"minecraft:diamond_sword":1,"rootsclassic:old_root":2,"minecraft:shield":1,"rootsclassic:elderberry":2,"alltheores:raw_lead_block":2,"forbidden_arcanus:xpetrified_orb":3,"silentgear:sinew":1,"minecraft:string":1,"minecraft:red_bed":1,"spirit:broken_spawner":1,"pneumaticcraft:compressed_stone":38,"minecraft:birch_fence":1,"mna:vinteum_ore":16,"quark:spruce_chest":2,"mysticalagriculture:inferium_essence":69,"minecraft:cobbled_deepslate":16,"byg:pink_allium_flower_bush":4,"elementalcraft:inert_crystal":10,"minecraft:melon_slice":18,"ars_elemental:flashpine_pod":6,"thermal:spinach_seeds":1,"xycraft_world:xychorium_gem_green":9,"minecraft:phantom_membrane":12,"minecraft:egg":1,"minecraft:stick":6,"minecraft:raw_iron":25,"apotheosis:gem":1,"alltheores:raw_zinc":118,"minecraft:torch":1,"mysticalagriculture:prosperity_shard":21,"sophisticatedbackpacks:backpack":2,"minecraft:stone_button":2,"minecraft:redstone":162,"elementalcraft:earth_shard":12,"deepresonance:resonating_ore_deepslate":4,"thermal:apatite":45,"botania:black_lotus":2,"hexerei:sage_seed":2,"minecraft:arrow":16,"minecraft:rotten_flesh":14,"xycraft_world:xychorium_gem_blue":18,"malum:natural_quartz":5,"minecraft:hay_block":20,"quark:brown_shard":8,"minecraft:mutton":2,"minecraft:iron_bars":2,"forbidden_arcanus:spawner_scrap":2,"byg:rocky_stone":1,"minecraft:white_wool":1,"minecraft:cobblestone":207,"mna:torn_journal_page":2,"minecraft:andesite":6,"ars_nouveau:source_berry":29,"malum:cluster_of_brilliance":1,"minecraft:birch_planks":3,"malum:runewood_log":29,"minecraft:lapis_lazuli":41,"minecraft:dirt":1,"minecraft:polished_granite":1,"bhc:red_heart":2,"minecraft:bone":13,"alltheores:raw_tin":82,"rftoolsbase:dimensionalshard":13,"farmersdelight:iron_knife":1,"minecraft:stone_bricks":2,"minecraft:bow":3,"delightful:mini_melon":3,"minecraft:wheat_seeds":1,"byg:blueberries":2,"minecraft:raw_gold":2,"minecraft:spruce_wood":9,"minecraft:cobweb":5,"minecraft:glass_bottle":1,"mna:cerublossom":4,"croptopia:lime":2,"minecraft:iron_sword":1,"minecraft:book":12,"malum:raw_soulstone":5,"thermal:strawberry_seeds":3,"alltheores:raw_lead":93,"pneumaticcraft:transistor":3,"alltheores:raw_uranium":49,"powah:uraninite_raw":11,"ars_elemental:yellow_archwood_log":99,"silentgear:bort":2,"minecraft:spruce_log":128,"mna:aum":16,"minecraft:leather_helmet":1,"forbidden_arcanus:ender_pearl_fragment":2,"alltheores:raw_nickel":61,"forbidden_arcanus:arcane_crystal":3,"elementalcraft:air_shard":5,"tetra:geode":1,"minecraft:diamond":2,"byg:tall_allium":3,"hexcasting:scroll":1,"thermal:eggplant_seeds":2,"mekanism:fluorite_gem":33,"alltheores:raw_uranium_block":1,"alltheores:raw_silver":149,"minecraft:emerald":5,"deepresonance:resonating_crystal_natural":2,"alltheores:raw_platinum":50,"minecraft:bricks":1,"minecraft:coal":105,"minecraft:sunflower":1,"minecraft:ender_pearl":1},"minecraft:used":{"deepresonance:resonating_crystal_natural":1,"minecraft:iron_sword":31,"minecraft:torch":43,"minecraft:chainmail_chestplate":1,"minecraft:bricks":1,"quark:spruce_chest":4,"minecraft:spruce_wood":9,"minecraft:iron_axe":28,"ars_nouveau:source_berry":39,"minecraft:cobbled_deepslate":9,"minecraft:birch_planks":3,"minecraft:spruce_fence_gate":1,"minecraft:crafting_table":4,"minecraft:spruce_log":7,"minecolonies:supplychestdeployer":1,"minecraft:diamond_pickaxe":123,"byg:blueberries":1,"minecraft:bread":16,"minecraft:iron_pickaxe":1184,"minecraft:diamond_sword":84,"minecraft:cobblestone":38,"structurize:sceptergold":21},"minecraft:dropped":{"minecraft:bread":23,"farmersdelight:iron_knife":2,"minecraft:iron_sword":2,"byg:blueberries":1,"minecraft:wheat_seeds":1,"minecraft:diamond":1,"mna:cerublossom":4,"minecraft:iron_helmet":1,"pneumaticcraft:compressed_stone":38,"minecraft:leather_helmet":1,"quark:brown_shard":8,"minecraft:stick":2,"minecraft:emerald":5,"minecraft:dirt":1,"byg:pink_allium_flower_bush":4,"minecraft:birch_fence":1,"minecraft:stone_button":2,"minecraft:mutton":5,"minecraft:melon_slice":27,"minecraft:phantom_membrane":12,"minecraft:iron_pickaxe":1,"minecraft:paper":6,"mna:torn_journal_page":2,"rootsclassic:old_root":2,"thermal:spinach_seeds":1,"hexerei:sage_seed":1,"ars_nouveau:source_berry":3,"minecraft:cobbled_deepslate":7,"pneumaticcraft:transistor":6,"minecraft:rotten_flesh":9,"byg:tall_allium":3,"thermal:strawberry_seeds":3,"hexcasting:scroll":1,"thermal:eggplant_seeds":2,"minecraft:shield":1,"byg:rocky_stone":1,"minecraft:andesite":6,"apotheosis:gem":1,"minecraft:chainmail_boots":1,"farmersdelight:minced_beef":13,"minecraft:stone_bricks":2,"byg:tall_pink_allium":1,"minecraft:bow":2,"minecraft:beef":4,"minecraft:podzol":7,"botania:black_lotus":2,"minecraft:polished_granite":1,"minecraft:egg":1},"minecraft:broken":{"minecraft:iron_pickaxe":4},"minecraft:mined":{"powah:deepslate_uraninite_ore":3,"mysticalagriculture:prosperity_ore":8,"minecraft:tuff":1,"alltheores:zinc_ore":101,"minecolonies:blockhuttownhall":1,"minecraft:deepslate_diamond_ore":1,"tetra:block_geode":1,"xycraft_world:xychorium_ore_stone_blue":7,"malum:soulstone_ore":9,"byg:pink_allium_flower_bush":2,"minecraft:grass_block":9,"alltheores:deepslate_silver_ore":55,"malum:deepslate_quartz_ore":5,"minecraft:polished_diorite":1,"mna:vinteum_ore":16,"ars_nouveau:sourceberry_bush":11,"mysticalagriculture:inferium_ore":11,"minecraft:spawner":1,"deepresonance:resonating_ore_deepslate":4,"minecraft:large_fern":1,"xycraft_world:xychorium_ore_stone_green":5,"minecraft:hay_block":20,"minecraft:redstone_ore":7,"forbidden_arcanus:deepslate_arcane_crystal_ore":3,"minecraft:brown_stained_glass":3,"minecraft:iron_ore":25,"alltheores:deepslate_lead_ore":47,"minecraft:cobbled_deepslate":2,"deepresonance:resonating_crystal_natural":3,"mna:aum":16,"minecraft:andesite":3,"byg:allium_flower_bush":1,"minecraft:deepslate_lapis_ore":6,"silentgear:deepslate_bort_ore":2,"alltheores:lead_ore":46,"elementalcraft:inert_crystal_ore":10,"minecraft:bookshelf":4,"alltheores:deepslate_platinum_ore":50,"powah:uraninite_ore_poor":5,"alltheores:silver_ore":94,"minecraft:packed_ice":65,"byg:rocky_stone":1,"minecraft:spruce_wood":9,"minecraft:stone":206,"alltheores:nickel_ore":26,"minecraft:deepslate_redstone_ore":29,"minecraft:red_bed":1,"powah:uraninite_ore":2,"minecraft:powder_snow":89,"minecraft:polished_granite":1,"thermal:apatite_ore":7,"minecraft:crafting_table":1,"minecraft:torch":1,"mna:cerublossom":1,"alltheores:raw_uranium_block":1,"malum:brilliant_deepslate":1,"minecraft:tall_grass":1,"minecraft:cobblestone":1,"minecraft:deepslate_gold_ore":1,"ars_elemental:yellow_archwood_log":99,"minecraft:bricks":1,"alltheores:deepslate_nickel_ore":35,"rftoolsbase:dimensionalshard_overworld":3,"minecraft:birch_planks":3,"forbidden_arcanus:xpetrified_ore":3,"mekanism:fluorite_ore":4,"minecraft:spruce_log":149,"alltheores:tin_ore":82,"alltheores:deepslate_uranium_ore":49,"minecraft:grass":15,"minecraft:coal_ore":107,"delightful:mini_melon":3,"quark:spruce_chest":2,"minecraft:sunflower":1,"mekanism:deepslate_fluorite_ore":8,"byg:blueberry_bush":1,"byg:tall_pink_allium":2,"mysticalagriculture:deepslate_prosperity_ore":2,"byg:tall_allium":1,"minecraft:stone_bricks":4,"minecraft:polished_andesite":1,"malum:runewood_log":29,"minecraft:gold_ore":1,"minecraft:deepslate":15,"alltheores:deepslate_zinc_ore":17,"mysticalagriculture:deepslate_inferium_ore":9,"minecraft:birch_fence":1,"alltheores:raw_lead_block":2},"minecraft:crafted":{"minecraft:melon_slice":9,"minecolonies:blockhutbuilder":1,"blue_skies:zeal_lighter":1,"structurize:sceptergold":1,"quark:spruce_chest":2,"minecraft:wheat":180,"blue_skies:blue_journal":1,"minecraft:crafting_table":3,"minecraft:spruce_planks":334,"minecraft:iron_sword":1,"minecraft:spruce_door":3,"minecraft:bread":60,"minecraft:air":200,"minecraft:diamond_pickaxe":1,"minecraft:stick":32,"minecraft:iron_pickaxe":2,"minecraft:spruce_fence_gate":1,"minecraft:torch":92,"minecraft:shears":1},"minecraft:custom":{"lootr:looted_stat":58,"minecraft:mob_kills":38,"minecraft:interact_with_crafting_table":7,"minecraft:open_barrel":3,"minecraft:damage_dealt_resisted":46,"minecraft:leave_game":3,"minecraft:time_since_death":53130,"minecraft:damage_resisted":0,"minecraft:climb_one_cm":708,"minecraft:sprint_one_cm":425575,"minecraft:walk_one_cm":421022,"minecraft:drop":90,"minecraft:talked_to_villager":4,"minecraft:play_time":218423,"minecraft:deaths":2,"minecraft:sneak_time":580,"minecraft:walk_under_water_one_cm":414,"minecraft:jump":1947,"minecraft:walk_on_water_one_cm":1840,"minecraft:total_world_time":218423,"minecraft:interact_with_furnace":2,"minecraft:traded_with_villager":2,"minecraft:sleep_in_bed":1,"minecraft:time_since_rest":53157,"minecraft:damage_taken":1802,"minecraft:damage_dealt":6108,"minecraft:fly_one_cm":354225,"minecraft:open_chest":14,"minecraft:crouch_one_cm":709,"minecraft:fall_one_cm":46219,"minecraft:interact_with_smoker":1},"minecraft:killed_by":{"minecraft:husk":1}},"DataVersion":3120}