{"stats":{"minecraft:killed":{"minecraft:cave_spider":1,"minecraft:witch":2,"minecraft:spider":2,"minecraft:skeleton":11,"minecraft:silverfish":1,"minecraft:sheep":1,"minecraft:zombie":14,"minecraft:cow":2,"mna:skeleton_assassin":1,"mna:pixie":1,"mna:barkling":2,"mna:living_ward":3,"minecraft:enderman":1},"minecraft:picked_up":{"minecraft:diamond_sword":1,"silentgear:sinew":1,"alltheores:raw_lead_block":2,"forbidden_arcanus:xpetrified_orb":3,"minecraft:string":1,"spirit:broken_spawner":1,"mysticalagriculture:inferium_essence":69,"minecraft:cobbled_deepslate":16,"delightful:acorn":2,"minecraft:melon_slice":18,"elementalcraft:inert_crystal":10,"xycraft_world:xychorium_gem_green":9,"ars_elemental:flashpine_pod":6,"thermal:spinach_seeds":1,"minecraft:stick":18,"rootsclassic:whitecurrant":1,"apotheosis:gem":1,"minecraft:torch":1,"mysticalagriculture:prosperity_shard":21,"elementalcraft:earth_shard":12,"deepresonance:resonating_ore_deepslate":4,"thermal:apatite":45,"minecolonies:blockhutcitizen":1,"minecraft:rotten_flesh":14,"quark:brown_shard":8,"minecraft:iron_bars":2,"minecraft:cobblestone":210,"minecraft:andesite":6,"mna:sachet_water":2,"ars_nouveau:source_berry":29,"minecraft:lapis_lazuli":41,"minecraft:dirt":250,"minecolonies:blockminecoloniesrack":2,"minecraft:polished_granite":1,"bhc:red_heart":2,"alltheores:raw_tin":82,"minecraft:bone":15,"farmersdelight:iron_knife":1,"minecraft:wheat_seeds":2,"minecraft:bow":3,"delightful:mini_melon":3,"byg:blueberries":2,"minecraft:raw_gold":2,"mna:cerublossom":4,"croptopia:lime":4,"hexerei:animal_fat":2,"malum:raw_soulstone":5,"alltheores:raw_lead":93,"ars_elemental:yellow_archwood_log":99,"alltheores:raw_nickel":61,"forbidden_arcanus:ender_pearl_fragment":2,"elementalcraft:air_shard":5,"minecraft:diamond":2,"hexcasting:scroll":1,"thermal:eggplant_seeds":2,"minecraft:emerald":5,"minecraft:oak_sapling":2,"minecraft:bricks":1,"alltheores:raw_platinum":50,"minecraft:crafting_table":1,"minecraft:coarse_dirt":1,"minecolonies:blockhuttownhall":1,"byg:tall_pink_allium":1,"mna:sachet_air":2,"rootsclassic:old_root":2,"minecraft:shield":1,"rootsclassic:elderberry":3,"minecraft:red_bed":1,"pneumaticcraft:compressed_stone":38,"mna:vinteum_ore":16,"minecraft:birch_fence":1,"quark:spruce_chest":2,"byg:pink_allium_flower_bush":4,"minecraft:beef":4,"minecraft:phantom_membrane":12,"minecraft:egg":2,"minecraft:raw_iron":25,"alltheores:raw_zinc":118,"sophisticatedbackpacks:backpack":2,"minecraft:stone_button":2,"minecraft:redstone":162,"botania:black_lotus":2,"hexerei:sage_seed":9,"minecraft:arrow":16,"xycraft_world:xychorium_gem_blue":18,"malum:natural_quartz":5,"minecraft:hay_block":20,"minecraft:mutton":2,"forbidden_arcanus:spawner_scrap":2,"byg:rocky_stone":1,"minecraft:white_wool":1,"mna:torn_journal_page":2,"minecraft:leather":2,"malum:cluster_of_brilliance":1,"minecraft:birch_planks":3,"minecraft:oak_log":222,"malum:runewood_log":29,"rftoolsbase:dimensionalshard":13,"minecraft:apple":3,"minecraft:stone_bricks":2,"minecraft:spruce_wood":9,"minecraft:cobweb":5,"minecraft:glass_bottle":1,"minecraft:iron_sword":1,"minecraft:book":12,"minecraft:oak_slab":2,"thermal:strawberry_seeds":3,"pneumaticcraft:transistor":3,"alltheores:raw_uranium":49,"powah:uraninite_raw":11,"minecraft:spruce_log":128,"silentgear:bort":2,"quark:oak_chest":4,"mna:aum":16,"minecraft:leather_helmet":1,"forbidden_arcanus:arcane_crystal":3,"tetra:geode":1,"immersiveengineering:seed":3,"byg:tall_allium":5,"mekanism:fluorite_gem":33,"alltheores:raw_uranium_block":1,"alltheores:raw_silver":149,"deepresonance:resonating_crystal_natural":2,"minecraft:coal":105,"minecraft:ender_pearl":1,"minecraft:sunflower":1},"minecraft:used":{"deepresonance:resonating_crystal_natural":1,"minecraft:iron_shovel":251,"minecraft:iron_sword":31,"minecolonies:resourcescroll":2,"minecraft:bricks":1,"minecraft:spruce_wood":9,"ars_nouveau:source_berry":39,"byg:blueberries":1,"minecraft:bread":26,"minecraft:diamond_sword":105,"minecraft:torch":43,"minecraft:chainmail_chestplate":1,"quark:spruce_chest":4,"minecraft:iron_axe":253,"minecraft:cobbled_deepslate":9,"minecraft:birch_planks":3,"minecraft:spruce_fence_gate":1,"minecraft:crafting_table":5,"minecraft:spruce_log":7,"minecolonies:supplychestdeployer":1,"minecraft:diamond_pickaxe":123,"minecraft:iron_pickaxe":1189,"minecraft:cobblestone":102,"structurize:sceptergold":33},"minecraft:dropped":{"farmersdelight:iron_knife":2,"minecraft:iron_sword":2,"byg:blueberries":1,"minecraft:diamond":1,"mna:cerublossom":4,"minecraft:leather_helmet":1,"quark:brown_shard":8,"minecraft:emerald":5,"minecraft:dirt":3,"minecraft:birch_fence":1,"minecolonies:blockminecoloniesrack":2,"minecraft:stone_button":2,"minecraft:mutton":5,"minecraft:phantom_membrane":12,"minecraft:iron_pickaxe":1,"rootsclassic:elderberry":3,"mna:torn_journal_page":2,"quark:oak_chest":4,"minecraft:bone":3,"thermal:spinach_seeds":1,"minecraft:cobbled_deepslate":7,"pneumaticcraft:transistor":6,"minecraft:rotten_flesh":9,"thermal:strawberry_seeds":3,"hexcasting:scroll":1,"rootsclassic:whitecurrant":1,"thermal:eggplant_seeds":2,"byg:rocky_stone":1,"mysticalagriculture:inferium_essence":1,"apotheosis:gem":1,"minecraft:chainmail_boots":1,"minecraft:podzol":7,"minecraft:beef":4,"immersiveengineering:seed":1,"botania:black_lotus":2,"minecraft:polished_granite":1,"minecraft:egg":1,"minecraft:bread":23,"minecraft:oak_slab":4,"minecraft:wheat_seeds":1,"minecraft:iron_helmet":1,"pneumaticcraft:compressed_stone":38,"minecraft:spruce_door":2,"minecraft:stick":2,"byg:pink_allium_flower_bush":4,"minecraft:melon_slice":27,"minecraft:paper":6,"rootsclassic:old_root":2,"hexerei:sage_seed":8,"ars_nouveau:source_berry":3,"minecraft:coarse_dirt":1,"byg:tall_allium":5,"minecraft:cobblestone_slab":2,"minecraft:shield":1,"minecraft:andesite":6,"minecraft:oak_sapling":2,"farmersdelight:minced_beef":13,"minecraft:stone_bricks":2,"byg:tall_pink_allium":1,"minecraft:bow":2,"croptopia:lime":2},"minecraft:broken":{"minecraft:iron_shovel":1,"minecraft:iron_axe":1,"minecraft:iron_pickaxe":4},"minecraft:mined":{"malum:soulstone_ore":9,"minecraft:grass_block":73,"malum:deepslate_quartz_ore":5,"minecraft:polished_diorite":1,"ars_nouveau:sourceberry_bush":11,"mysticalagriculture:inferium_ore":11,"minecraft:spawner":1,"deepresonance:resonating_ore_deepslate":4,"xycraft_world:xychorium_ore_stone_green":5,"minecraft:brown_stained_glass":3,"minecraft:iron_ore":25,"minecraft:cobbled_deepslate":2,"alltheores:deepslate_lead_ore":47,"minecraft:deepslate_lapis_ore":6,"silentgear:deepslate_bort_ore":2,"elementalcraft:inert_crystal_ore":10,"powah:uraninite_ore_poor":5,"minecraft:spruce_wood":9,"alltheores:nickel_ore":26,"minecraft:deepslate_redstone_ore":29,"minecraft:red_bed":1,"powah:uraninite_ore":2,"minecraft:powder_snow":89,"minecraft:torch":1,"mna:cerublossom":1,"alltheores:raw_uranium_block":1,"malum:brilliant_deepslate":1,"minecraft:cobblestone":1,"minecraft:bricks":1,"alltheores:deepslate_nickel_ore":35,"rftoolsbase:dimensionalshard_overworld":3,"mekanism:fluorite_ore":4,"alltheores:tin_ore":82,"minecraft:grass":33,"alltheores:deepslate_uranium_ore":49,"minecraft:oak_log":222,"delightful:mini_melon":3,"minecraft:dirt":185,"byg:blueberry_bush":1,"mysticalagriculture:deepslate_prosperity_ore":2,"mysticalagriculture:deepslate_inferium_ore":9,"minecraft:deepslate":15,"mysticalagriculture:prosperity_ore":8,"powah:deepslate_uraninite_ore":3,"minecraft:tuff":1,"alltheores:zinc_ore":101,"minecolonies:blockhutcitizen":1,"minecraft:deepslate_diamond_ore":1,"minecolonies:blockhuttownhall":1,"tetra:block_geode":1,"byg:pink_allium_flower_bush":2,"xycraft_world:xychorium_ore_stone_blue":7,"alltheores:deepslate_silver_ore":55,"mna:vinteum_ore":16,"minecraft:large_fern":1,"minecraft:hay_block":20,"minecraft:redstone_ore":7,"forbidden_arcanus:deepslate_arcane_crystal_ore":3,"deepresonance:resonating_crystal_natural":3,"mna:aum":16,"minecraft:andesite":3,"byg:allium_flower_bush":1,"alltheores:lead_ore":46,"minecraft:bookshelf":4,"alltheores:deepslate_platinum_ore":50,"byg:rocky_stone":1,"minecraft:packed_ice":65,"alltheores:silver_ore":94,"minecraft:stone":209,"minecolonies:blockminecoloniesgrave":4,"minecraft:polished_granite":1,"thermal:apatite_ore":7,"minecraft:crafting_table":1,"minecraft:tall_grass":1,"biomesoplenty:sprout":1,"minecraft:deepslate_gold_ore":1,"ars_elemental:yellow_archwood_log":99,"minecraft:birch_planks":3,"minecraft:coarse_dirt":1,"forbidden_arcanus:xpetrified_ore":3,"minecraft:spruce_log":149,"minecraft:coal_ore":107,"minecraft:sunflower":1,"quark:spruce_chest":2,"mekanism:deepslate_fluorite_ore":8,"byg:tall_pink_allium":4,"malum:runewood_log":29,"minecraft:polished_andesite":1,"minecraft:stone_bricks":4,"byg:tall_allium":3,"minecraft:gold_ore":1,"alltheores:deepslate_zinc_ore":17,"minecraft:birch_fence":1,"alltheores:raw_lead_block":2},"minecraft:crafted":{"minecraft:oak_planks":302,"minecraft:cobblestone_slab":18,"minecraft:barrel":1,"minecraft:melon_slice":9,"structurize:sceptergold":2,"minecolonies:resourcescroll":1,"minecraft:oak_fence":57,"blue_skies:blue_journal":1,"minecraft:oak_slab":18,"minecraft:crafting_table":5,"minecraft:spruce_planks":334,"minecraft:spruce_door":3,"minecraft:diamond_pickaxe":1,"minecraft:stick":100,"quark:oak_chest":1,"minecraft:iron_pickaxe":2,"minecraft:spruce_fence_gate":1,"minecraft:shears":1,"minecraft:stone_shovel":1,"minecraft:iron_nugget":9,"minecraft:spruce_button":1,"minecolonies:blockhutcitizen":1,"minecraft:furnace":1,"minecolonies:blockhutbuilder":1,"blue_skies:zeal_lighter":1,"minecraft:iron_axe":1,"minecraft:spruce_slab":6,"quark:spruce_chest":2,"minecraft:wheat":180,"minecraft:iron_sword":1,"minecolonies:blockhuttavern":1,"minecraft:bread":60,"minecraft:air":384,"minecraft:iron_shovel":1,"minecraft:torch":92,"minecolonies:blockminecoloniesrack":2},"minecraft:custom":{"lootr:looted_stat":58,"minecraft:interact_with_crafting_table":25,"minecraft:open_barrel":3,"minecraft:leave_game":3,"minecraft:time_since_death":113130,"minecraft:damage_resisted":0,"minecraft:sprint_one_cm":529506,"minecraft:drop":121,"minecraft:talked_to_villager":4,"minecraft:play_time":278423,"minecraft:deaths":2,"minecraft:jump":2568,"minecraft:walk_on_water_one_cm":1840,"minecraft:interact_with_furnace":2,"minecraft:traded_with_villager":2,"minecraft:sleep_in_bed":1,"minecraft:damage_dealt":7117,"minecraft:crouch_one_cm":1215,"minecraft:interact_with_smoker":1,"minecraft:mob_kills":47,"minecraft:damage_dealt_resisted":46,"minecraft:climb_one_cm":716,"minecraft:walk_one_cm":484795,"minecraft:sneak_time":862,"minecraft:walk_under_water_one_cm":414,"minecraft:total_world_time":278423,"minecraft:time_since_rest":113157,"minecraft:damage_taken":1895,"minecraft:fly_one_cm":542029,"minecraft:open_chest":14,"minecraft:fall_one_cm":67065},"minecraft:killed_by":{"minecraft:husk":1}},"DataVersion":3120}