{"stats":{"minecraft:picked_up":{"rootsclassic:old_root":2,"minecraft:shield":1,"minecraft:red_bed":1,"silentgear:sinew":1,"pneumaticcraft:compressed_stone":38,"minecraft:birch_fence":1,"mysticalagriculture:inferium_essence":1,"byg:pink_allium_flower_bush":2,"minecraft:melon_slice":18,"thermal:spinach_seeds":1,"ars_elemental:flashpine_pod":6,"xycraft_world:xychorium_gem_green":9,"minecraft:phantom_membrane":12,"minecraft:egg":1,"minecraft:stick":4,"minecraft:raw_iron":5,"apotheosis:gem":1,"alltheores:raw_zinc":35,"sophisticatedbackpacks:backpack":2,"minecraft:stone_button":2,"elementalcraft:earth_shard":1,"botania:black_lotus":2,"thermal:apatite":45,"xycraft_world:xychorium_gem_blue":18,"minecraft:hay_block":20,"quark:brown_shard":8,"minecraft:mutton":2,"minecraft:cobblestone":191,"minecraft:iron_bars":2,"forbidden_arcanus:spawner_scrap":1,"byg:rocky_stone":1,"minecraft:white_wool":1,"mna:torn_journal_page":2,"ars_nouveau:source_berry":29,"malum:runewood_log":29,"minecraft:dirt":1,"minecraft:polished_granite":1,"alltheores:raw_tin":49,"farmersdelight:iron_knife":1,"minecraft:stone_bricks":2,"delightful:mini_melon":3,"minecraft:wheat_seeds":1,"byg:blueberries":2,"minecraft:spruce_wood":9,"mna:cerublossom":4,"minecraft:iron_sword":1,"minecraft:book":3,"malum:raw_soulstone":5,"thermal:strawberry_seeds":3,"pneumaticcraft:transistor":3,"ars_elemental:yellow_archwood_log":99,"minecraft:spruce_log":128,"mna:aum":16,"forbidden_arcanus:ender_pearl_fragment":2,"minecraft:diamond":1,"byg:tall_allium":3,"hexcasting:scroll":1,"thermal:eggplant_seeds":2,"deepresonance:resonating_crystal_natural":2,"minecraft:emerald":5,"minecraft:coal":64,"minecraft:bricks":1,"minecraft:ender_pearl":1,"minecraft:sunflower":1},"minecraft:broken":{"minecraft:iron_pickaxe":1},"minecraft:killed":{"minecraft:skeleton":2,"minecraft:silverfish":1,"minecraft:sheep":1,"minecraft:zombie":4,"minecraft:enderman":1},"minecraft:crafted":{"minecraft:melon_slice":9,"blue_skies:zeal_lighter":1,"minecraft:wheat":180,"blue_skies:blue_journal":1,"minecraft:crafting_table":2,"minecraft:spruce_planks":28,"minecraft:iron_sword":1,"minecraft:bread":60,"minecraft:stick":12,"minecraft:iron_pickaxe":1,"minecraft:spruce_fence_gate":1,"minecraft:torch":36},"minecraft:used":{"deepresonance:resonating_crystal_natural":1,"minecraft:iron_sword":31,"minecraft:torch":29,"minecraft:chainmail_chestplate":1,"minecraft:bricks":1,"minecraft:spruce_wood":9,"ars_nouveau:source_berry":39,"minecraft:spruce_fence_gate":1,"minecraft:crafting_table":2,"minecraft:spruce_log":7,"minecolonies:supplychestdeployer":1,"byg:blueberries":1,"minecraft:bread":6,"minecraft:iron_pickaxe":539,"minecraft:cobblestone":38},"minecraft:killed_by":{"minecraft:husk":1},"minecraft:mined":{"alltheores:zinc_ore":35,"xycraft_world:xychorium_ore_stone_blue":7,"byg:pink_allium_flower_bush":1,"malum:soulstone_ore":5,"minecraft:grass_block":9,"minecraft:polished_diorite":1,"ars_nouveau:sourceberry_bush":11,"minecraft:large_fern":1,"minecraft:hay_block":20,"xycraft_world:xychorium_ore_stone_green":5,"minecraft:brown_stained_glass":3,"minecraft:iron_ore":5,"deepresonance:resonating_crystal_natural":3,"mna:aum":16,"minecraft:bookshelf":1,"minecraft:packed_ice":65,"byg:rocky_stone":1,"minecraft:spruce_wood":9,"minecraft:stone":190,"minecraft:red_bed":1,"powah:uraninite_ore":2,"minecraft:polished_granite":1,"minecraft:powder_snow":89,"thermal:apatite_ore":7,"mna:cerublossom":1,"minecraft:tall_grass":1,"minecraft:cobblestone":1,"ars_elemental:yellow_archwood_log":99,"minecraft:bricks":1,"minecraft:spruce_log":129,"alltheores:tin_ore":49,"minecraft:grass":12,"minecraft:coal_ore":66,"delightful:mini_melon":3,"minecraft:sunflower":1,"byg:blueberry_bush":1,"byg:tall_pink_allium":1,"minecraft:polished_andesite":1,"minecraft:stone_bricks":4,"malum:runewood_log":29,"byg:tall_allium":1,"minecraft:birch_fence":1},"minecraft:custom":{"lootr:looted_stat":51,"minecraft:mob_kills":11,"minecraft:interact_with_crafting_table":3,"minecraft:open_barrel":3,"minecraft:damage_dealt_resisted":0,"minecraft:leave_game":1,"minecraft:time_since_death":62042,"minecraft:climb_one_cm":708,"minecraft:damage_resisted":0,"minecraft:sprint_one_cm":362346,"minecraft:walk_one_cm":265936,"minecraft:drop":77,"minecraft:talked_to_villager":4,"minecraft:play_time":124971,"minecraft:deaths":1,"minecraft:sneak_time":544,"minecraft:walk_under_water_one_cm":414,"minecraft:jump":1385,"minecraft:walk_on_water_one_cm":1840,"minecraft:total_world_time":124971,"minecraft:traded_with_villager":2,"minecraft:sleep_in_bed":1,"minecraft:time_since_rest":61725,"minecraft:damage_taken":884,"minecraft:damage_dealt":1879,"minecraft:fly_one_cm":275728,"minecraft:open_chest":11,"minecraft:crouch_one_cm":489,"tombstone:undead_killed":6,"minecraft:interact_with_smoker":1,"minecraft:fall_one_cm":31952},"minecraft:dropped":{"minecraft:bread":23,"farmersdelight:iron_knife":2,"minecraft:iron_sword":2,"byg:blueberries":1,"minecraft:wheat_seeds":1,"minecraft:diamond":1,"mna:cerublossom":4,"minecraft:iron_helmet":1,"pneumaticcraft:compressed_stone":38,"quark:brown_shard":8,"minecraft:emerald":5,"minecraft:dirt":1,"byg:pink_allium_flower_bush":2,"minecraft:birch_fence":1,"minecraft:stone_button":2,"minecraft:mutton":5,"minecraft:melon_slice":27,"minecraft:phantom_membrane":12,"minecraft:iron_pickaxe":1,"minecraft:paper":6,"mna:torn_journal_page":2,"rootsclassic:old_root":2,"thermal:spinach_seeds":1,"ars_nouveau:source_berry":3,"pneumaticcraft:transistor":6,"byg:tall_allium":3,"thermal:strawberry_seeds":3,"hexcasting:scroll":1,"thermal:eggplant_seeds":2,"minecraft:shield":1,"byg:rocky_stone":1,"apotheosis:gem":1,"minecraft:chainmail_boots":1,"farmersdelight:minced_beef":13,"minecraft:stone_bricks":2,"minecraft:beef":4,"minecraft:podzol":7,"botania:black_lotus":2,"minecraft:polished_granite":1,"minecraft:egg":1}},"DataVersion":3120}