{"stats":{"minecraft:dropped":{"farmersdelight:iron_knife":2,"minecraft:iron_sword":2,"byg:blueberries":1,"minecraft:diamond":1,"mna:cerublossom":4,"rootsclassic:redcurrant":3,"minecraft:leather_helmet":1,"quark:brown_shard":8,"minecraft:emerald":5,"minecraft:dirt":3,"minecraft:birch_fence":1,"minecolonies:blockminecoloniesrack":2,"minecraft:stone_button":2,"minecraft:mutton":5,"minecraft:phantom_membrane":12,"minecraft:iron_pickaxe":1,"rootsclassic:elderberry":4,"mna:torn_journal_page":2,"quark:oak_chest":6,"minecraft:bone":8,"minecraft:oak_door":2,"thermal:spinach_seeds":2,"minecraft:stone_axe":2,"minecraft:cobbled_deepslate":9,"pneumaticcraft:transistor":6,"minecraft:rotten_flesh":14,"minecraft:oak_planks":3,"thermal:strawberry_seeds":3,"hexcasting:scroll":1,"rootsclassic:whitecurrant":1,"thermal:eggplant_seeds":2,"crafting_on_a_stick:crafting_table":1,"byg:rocky_stone":1,"mysticalagriculture:inferium_essence":1,"apotheosis:gem":1,"minecraft:chest":1,"minecraft:chainmail_boots":1,"minecraft:spruce_slab":6,"minecraft:podzol":7,"minecraft:beef":8,"immersiveengineering:seed":2,"botania:black_lotus":2,"minecraft:polished_granite":1,"structurize:sceptergold":1,"minecraft:egg":1,"minecraft:bread":23,"minecraft:oak_slab":9,"minecraft:wheat_seeds":4,"minecraft:iron_helmet":1,"byg:blue_spruce_sapling":7,"minecraft:spruce_button":5,"pneumaticcraft:compressed_stone":38,"minecraft:spruce_door":2,"minecraft:grass_block":1,"minecraft:stick":3,"byg:pink_allium_flower_bush":4,"minecraft:diorite":4,"minecraft:melon_slice":27,"minecraft:oak_stairs":1,"minecraft:paper":6,"rootsclassic:old_root":2,"hexerei:sage_seed":15,"ars_nouveau:source_berry":3,"minecraft:coarse_dirt":1,"byg:tall_allium":10,"minecraft:filled_map":1,"minecraft:cobblestone_slab":10,"minecraft:shield":1,"minecraft:andesite":8,"minecraft:oak_sapling":2,"farmersdelight:minced_beef":13,"minecraft:stone_bricks":2,"minecraft:bow":2,"byg:tall_pink_allium":6,"minecraft:stone_pickaxe":1,"croptopia:lime":2},"minecraft:killed":{"minecraft:cave_spider":1,"minecraft:witch":2,"minecraft:spider":2,"minecraft:skeleton":12,"minecraft:silverfish":1,"minecraft:sheep":1,"minecraft:zombie":14,"minecraft:cow":2,"mna:skeleton_assassin":1,"mna:pixie":1,"mna:barkling":2,"mna:living_ward":3,"minecraft:enderman":1},"minecraft:broken":{"minecraft:iron_shovel":1,"minecraft:iron_axe":2,"minecraft:iron_pickaxe":6},"minecraft:used":{"deepresonance:resonating_crystal_natural":1,"minecraft:iron_shovel":251,"minecraft:iron_sword":31,"minecolonies:resourcescroll":10,"minecraft:bricks":1,"minecraft:spruce_wood":9,"minecraft:grass_block":30,"mekanismgenerators:wind_generator":1,"biomesoplenty:white_cherry_sapling":1,"ars_nouveau:source_berry":39,"minecolonies:blockhutfield":1,"minecraft:oak_planks":4,"byg:blueberries":1,"minecraft:bread":26,"minecraft:diamond_sword":108,"minecraft:stone_shovel":139,"minecraft:oak_door":4,"minecraft:torch":47,"minecraft:dirt":71,"minecraft:chainmail_chestplate":1,"quark:spruce_chest":4,"minecraft:iron_axe":542,"minecraft:oak_stairs":10,"minecraft:cobbled_deepslate":9,"minecraft:water_bucket":2,"minecraft:birch_planks":3,"minecraft:spruce_fence_gate":1,"minecraft:crafting_table":7,"byg:tall_pink_allium":2,"minecraft:spruce_log":7,"minecolonies:supplychestdeployer":1,"minecraft:diamond_pickaxe":395,"minecraft:iron_pickaxe":1636,"minecraft:map":1,"minecraft:cobblestone":166,"minecolonies:clipboard":7,"structurize:sceptergold":105},"minecraft:picked_up":{"minecraft:diamond_sword":1,"minecraft:oak_stairs":8,"minecraft:enchanted_book":1,"alltheores:raw_lead_block":2,"forbidden_arcanus:xpetrified_orb":7,"silentgear:sinew":1,"minecraft:string":1,"spirit:broken_spawner":1,"mysticalagriculture:inferium_essence":70,"minecraft:cobbled_deepslate":18,"delightful:acorn":2,"minecraft:cobblestone_slab":4,"elementalcraft:inert_crystal":10,"minecraft:melon_slice":18,"thermal:spinach_seeds":2,"ars_elemental:flashpine_pod":6,"xycraft_world:xychorium_gem_green":9,"byg:yellow_daffodil":1,"minecraft:stick":18,"rootsclassic:whitecurrant":1,"apotheosis:gem":1,"minecraft:torch":1,"mysticalagriculture:prosperity_shard":21,"powah:book":1,"minecraft:diorite":4,"elementalcraft:earth_shard":12,"deepresonance:resonating_ore_deepslate":4,"thermal:apatite":45,"minecolonies:blockhutcitizen":1,"minecraft:rotten_flesh":19,"quark:brown_shard":8,"minecraft:iron_bars":2,"byg:blue_spruce_sapling":7,"minecraft:cobblestone":779,"forbidden_arcanus:stellarite_piece":1,"minecraft:andesite":8,"mna:sachet_water":2,"ars_nouveau:source_berry":29,"minecraft:lapis_lazuli":41,"minecraft:dirt":391,"minecolonies:blockminecoloniesrack":2,"minecraft:polished_granite":1,"bhc:red_heart":2,"minecraft:bone":20,"alltheores:raw_tin":82,"minecolonies:blockhutfisherman":1,"farmersdelight:iron_knife":1,"minecraft:wheat_seeds":4,"minecraft:bow":3,"delightful:mini_melon":3,"byg:blueberries":2,"minecraft:raw_gold":2,"mna:cerublossom":5,"minecraft:oak_planks":4,"croptopia:lime":4,"hexerei:animal_fat":2,"malum:raw_soulstone":5,"patchouli:guide_book":3,"alltheores:raw_lead":93,"biomesoplenty:white_cherry_sapling":1,"ars_elemental:yellow_archwood_log":99,"alltheores:raw_nickel":61,"forbidden_arcanus:ender_pearl_fragment":2,"rootsclassic:blackcurrant":1,"elementalcraft:air_shard":5,"minecraft:diamond":2,"hexcasting:scroll":1,"thermal:eggplant_seeds":2,"minecraft:emerald":5,"minecraft:oak_sapling":2,"alltheores:raw_platinum":50,"minecraft:bricks":1,"minecraft:coarse_dirt":1,"minecraft:crafting_table":1,"minecolonies:blockhuttownhall":1,"byg:tall_pink_allium":8,"mna:sachet_air":2,"rootsclassic:old_root":4,"minecraft:shield":1,"rootsclassic:elderberry":5,"rootsclassic:redcurrant":3,"minecraft:red_bed":1,"mysticalagriculture:tertium_essence":1,"pneumaticcraft:compressed_stone":38,"minecraft:birch_fence":1,"mna:vinteum_ore":16,"quark:spruce_chest":2,"minecraft:beef":4,"byg:pink_allium_flower_bush":4,"minecraft:spruce_slab":4,"minecraft:chest":1,"minecraft:phantom_membrane":12,"minecraft:egg":2,"minecraft:raw_iron":25,"minecraft:oak_door":5,"alltheores:raw_zinc":118,"sophisticatedbackpacks:backpack":2,"minecraft:stone_button":2,"structurize:sceptergold":1,"minecraft:redstone":162,"botania:black_lotus":2,"hexerei:sage_seed":16,"minecraft:arrow":16,"xycraft_world:xychorium_gem_blue":18,"powah:wrench":1,"minecraft:hay_block":20,"minecraft:shears":1,"malum:natural_quartz":5,"minecraft:mutton":2,"forbidden_arcanus:spawner_scrap":2,"byg:rocky_stone":1,"minecraft:white_wool":22,"mna:torn_journal_page":2,"minecraft:leather":2,"malum:cluster_of_brilliance":1,"minecraft:filled_map":1,"minecraft:birch_planks":3,"minecraft:oak_log":222,"malum:runewood_log":29,"rftoolsbase:dimensionalshard":13,"sophisticatedbackpacks:upgrade_base":1,"minecraft:apple":4,"minecraft:stone_bricks":2,"minecraft:spruce_wood":9,"minecraft:stone_pickaxe":1,"minecraft:cobweb":5,"minecraft:glass_bottle":1,"minecraft:iron_sword":1,"minecraft:book":12,"minecraft:oak_slab":2,"thermal:strawberry_seeds":3,"pneumaticcraft:transistor":3,"alltheores:raw_uranium":49,"powah:uraninite_raw":15,"minecraft:spruce_sapling":1,"silentgear:bort":2,"minecraft:spruce_log":377,"quark:oak_chest":5,"mna:aum":16,"minecraft:leather_helmet":1,"forbidden_arcanus:arcane_crystal":3,"tetra:geode":1,"immersiveengineering:seed":4,"minecraft:stone_axe":1,"byg:tall_allium":10,"mekanism:fluorite_gem":33,"alltheores:raw_uranium_block":1,"alltheores:raw_silver":149,"deepresonance:resonating_crystal_natural":2,"thermal:amaranth_seeds":1,"minecraft:coal":105,"minecraft:sunflower":3,"minecraft:ender_pearl":1},"minecraft:custom":{"lootr:looted_stat":62,"minecraft:interact_with_crafting_table":73,"minecraft:open_barrel":8,"minecraft:leave_game":4,"minecraft:time_since_death":481507,"minecraft:damage_resisted":0,"minecraft:sprint_one_cm":1005857,"minecraft:drop":170,"minecraft:talked_to_villager":4,"minecraft:play_time":646800,"minecraft:deaths":2,"minecraft:jump":5303,"minecraft:walk_on_water_one_cm":6434,"minecraft:interact_with_furnace":4,"minecraft:traded_with_villager":2,"minecraft:sleep_in_bed":1,"minecraft:damage_dealt":7317,"minecraft:crouch_one_cm":2309,"minecraft:interact_with_smoker":1,"minecraft:mob_kills":48,"minecraft:damage_dealt_resisted":46,"minecraft:climb_one_cm":8237,"minecraft:walk_one_cm":752810,"minecraft:sneak_time":3522,"minecraft:walk_under_water_one_cm":2618,"minecraft:total_world_time":646800,"minecraft:time_since_rest":481534,"minecraft:damage_taken":2421,"minecraft:swim_one_cm":1300,"minecraft:fly_one_cm":2434195,"minecraft:open_chest":20,"minecraft:fall_one_cm":157764},"minecraft:killed_by":{"minecraft:husk":1},"minecraft:crafted":{"minecraft:oak_planks":474,"minecraft:cobblestone_slab":60,"minecraft:barrel":4,"minecraft:melon_slice":9,"minecraft:cobblestone_stairs":80,"cyclic:crafting_stick":1,"aquaculture:gold_fishing_rod":1,"minecraft:chest":1,"structurize:sceptergold":2,"domum_ornamentum:blockbarreldeco_onside":1,"minecolonies:resourcescroll":1,"minecraft:stone_bricks":5019,"minecraft:oak_fence":108,"blue_skies:blue_journal":1,"minecraft:oak_slab":108,"minecraft:crafting_table":11,"minecraft:spruce_planks":868,"minecraft:wooden_pickaxe":1,"minecraft:spruce_door":3,"minecraft:campfire":2,"minecraft:stone_brick_stairs":36,"minecraft:diamond_pickaxe":1,"minecraft:stick":200,"quark:oak_chest":1,"minecraft:iron_ingot":55,"minecraft:iron_pickaxe":2,"minecraft:spruce_fence_gate":1,"minecraft:shears":2,"minecraft:oak_door":6,"minecraft:stone_shovel":5,"minecraft:fishing_rod":1,"minecraft:iron_nugget":27,"minecraft:spruce_button":6,"minecolonies:blockhutcitizen":1,"minecraft:furnace":1,"minecolonies:blockhutbuilder":1,"blue_skies:zeal_lighter":1,"cyclic:crafting_bag":1,"minecolonies:blockhutguardtower":2,"minecraft:iron_axe":1,"minecraft:ladder":20,"minecraft:spruce_slab":6,"minecraft:stone_pickaxe":3,"quark:spruce_chest":3,"minecraft:wheat":180,"minecolonies:blockhutfisherman":1,"minecraft:iron_sword":1,"minecolonies:blockhutminer":1,"crafting_on_a_stick:crafting_table":2,"minecraft:stone_axe":2,"minecolonies:blockhuttavern":1,"minecraft:bread":60,"minecraft:air":589,"minecraft:oak_stairs":284,"minecraft:iron_shovel":1,"minecraft:white_bed":4,"minecraft:torch":92,"minecolonies:blockminecoloniesrack":8},"minecraft:mined":{"malum:soulstone_ore":9,"minecraft:grass_block":201,"malum:deepslate_quartz_ore":5,"minecraft:polished_diorite":1,"ars_nouveau:sourceberry_bush":11,"mysticalagriculture:inferium_ore":11,"minecraft:spawner":1,"deepresonance:resonating_ore_deepslate":4,"xycraft_world:xychorium_ore_stone_green":5,"minecraft:brown_stained_glass":3,"minecraft:iron_ore":25,"minecraft:cobbled_deepslate":2,"alltheores:deepslate_lead_ore":47,"minecraft:deepslate_lapis_ore":6,"silentgear:deepslate_bort_ore":2,"elementalcraft:inert_crystal_ore":10,"minecraft:oak_stairs":10,"powah:uraninite_ore_poor":5,"minecraft:spruce_wood":9,"alltheores:nickel_ore":26,"minecraft:deepslate_redstone_ore":29,"minecraft:red_bed":1,"powah:uraninite_ore":2,"minecraft:powder_snow":89,"minecraft:torch":1,"mna:cerublossom":1,"alltheores:raw_uranium_block":1,"malum:brilliant_deepslate":1,"minecraft:cobblestone":65,"minecraft:oak_planks":4,"minecraft:bricks":1,"alltheores:deepslate_nickel_ore":35,"rftoolsbase:dimensionalshard_overworld":3,"mekanism:fluorite_ore":4,"alltheores:tin_ore":82,"minecraft:grass":50,"alltheores:deepslate_uranium_ore":49,"minecraft:oak_log":222,"delightful:mini_melon":3,"minecraft:dirt":235,"byg:blueberry_bush":1,"mysticalagriculture:deepslate_prosperity_ore":2,"minecraft:oak_leaves":6,"mysticalagriculture:deepslate_inferium_ore":9,"minecraft:deepslate":16,"mysticalagriculture:prosperity_ore":8,"powah:deepslate_uraninite_ore":5,"minecraft:tuff":1,"forbidden_arcanus:stella_arcanum":1,"alltheores:zinc_ore":101,"minecolonies:blockhutcitizen":1,"minecolonies:blockhuttownhall":1,"minecraft:deepslate_diamond_ore":1,"minecraft:oak_door":2,"tetra:block_geode":1,"xycraft_world:xychorium_ore_stone_blue":7,"byg:pink_allium_flower_bush":6,"alltheores:deepslate_silver_ore":55,"mna:vinteum_ore":16,"minecraft:large_fern":4,"minecraft:hay_block":20,"minecraft:redstone_ore":7,"forbidden_arcanus:deepslate_arcane_crystal_ore":3,"deepresonance:resonating_crystal_natural":3,"mna:aum":16,"minecraft:andesite":4,"byg:allium_flower_bush":1,"alltheores:lead_ore":46,"minecraft:bookshelf":4,"alltheores:deepslate_platinum_ore":50,"minecraft:packed_ice":65,"alltheores:silver_ore":94,"byg:rocky_stone":138,"minecraft:stone":714,"minecolonies:blockminecoloniesgrave":4,"minecolonies:blockhutfisherman":1,"minecraft:polished_granite":1,"thermal:apatite_ore":7,"minecraft:crafting_table":1,"minecraft:tall_grass":1,"biomesoplenty:sprout":1,"minecraft:deepslate_gold_ore":1,"ars_elemental:yellow_archwood_log":99,"minecraft:diorite":4,"minecraft:birch_planks":3,"minecraft:coarse_dirt":2,"forbidden_arcanus:xpetrified_ore":7,"minecraft:spruce_log":398,"minecraft:coal_ore":107,"minecraft:sunflower":2,"quark:spruce_chest":2,"mekanism:deepslate_fluorite_ore":8,"byg:tall_pink_allium":6,"byg:tall_allium":6,"minecraft:stone_bricks":4,"minecraft:polished_andesite":1,"malum:runewood_log":29,"minecraft:gold_ore":1,"alltheores:deepslate_zinc_ore":17,"minecraft:birch_fence":1,"minecraft:fern":9,"alltheores:raw_lead_block":2}},"DataVersion":3120}